-0.017284,-0.0174,-0.017517,-0.017633,-0.017749,-0.017866,-0.017982,-0.018099,-0.018215,-0.018331,-0.018448,-0.018331,-0.018215,-0.018099,-0.017982,-0.017866,-0.017749,-0.017633,-0.017517,-0.0174,-0.017284,-0.017524,-0.017764,-0.018005,-0.018245,-0.018485,-0.018725,-0.018966,-0.019206,-0.019446,-0.019686,-0.019694,-0.019701,-0.019709,-0.019716,-0.019724,-0.019731,-0.019738,-0.019746,-0.019753,-0.019761,-0.019885,-0.020008,-0.020132,-0.020256,-0.02038,-0.020504,-0.020628,-0.020752,-0.020876,-0.021,-0.020876,-0.020752,-0.020628,-0.020504,-0.02038,-0.020256,-0.020132,-0.020008,-0.019885,-0.019761,-0.019382,-0.019003,-0.018624,-0.018245,-0.017866,-0.017487,-0.017109,-0.01673,-0.016351,-0.015972,-0.016219,-0.016467,-0.016715,-0.016962,-0.01721,-0.017457,-0.017705,-0.017953,-0.0182,-0.018448,-0.018579,-0.01871,-0.018842,-0.018973,-0.019104,-0.019235,-0.019367,-0.019498,-0.019629,-0.019761,-0.019885,-0.020008,-0.020132,-0.020256,-0.02038,-0.020504,-0.020628,-0.020752,-0.020876,-0.021,-0.02165,-0.0223,-0.02295,-0.0236,-0.02425,-0.0249,-0.02555,-0.026201,-0.026851,-0.027501
0.47725,0.47741,0.47756,0.47772,0.47787,0.47803,0.47818,0.47833,0.47849,0.47864,0.4788,0.47864,0.47849,0.47833,0.47818,0.47803,0.47787,0.47772,0.47756,0.47741,0.47725,0.47743,0.47761,0.47779,0.47796,0.47814,0.47832,0.4785,0.47868,0.47886,0.47903,0.4789,0.47877,0.47864,0.47851,0.47838,0.47825,0.47811,0.47798,0.47785,0.47772,0.47774,0.47777,0.47779,0.47781,0.47784,0.47786,0.47788,0.47791,0.47793,0.47795,0.47793,0.47791,0.47788,0.47786,0.47784,0.47781,0.47779,0.47777,0.47774,0.47772,0.47778,0.47784,0.4779,0.47796,0.47803,0.47809,0.47815,0.47821,0.47827,0.47833,0.47838,0.47842,0.47847,0.47852,0.47856,0.47861,0.47866,0.4787,0.47875,0.4788,0.47869,0.47858,0.47848,0.47837,0.47826,0.47815,0.47804,0.47794,0.47783,0.47772,0.47774,0.47777,0.47779,0.47781,0.47784,0.47786,0.47788,0.47791,0.47793,0.47795,0.47755,0.47714,0.47673,0.47632,0.47591,0.4755,0.4751,0.47469,0.47428,0.47387
-0.05355,-0.053614,-0.053677,-0.05374,-0.053804,-0.053867,-0.053931,-0.053994,-0.054057,-0.054121,-0.054184,-0.054647,-0.055109,-0.055572,-0.056034,-0.056497,-0.056959,-0.057422,-0.057884,-0.058347,-0.058809,-0.058386,-0.057963,-0.05754,-0.057117,-0.056693,-0.05627,-0.055847,-0.055424,-0.055001,-0.054578,-0.054516,-0.054454,-0.054392,-0.05433,-0.054268,-0.054206,-0.054144,-0.054082,-0.05402,-0.053958,-0.054044,-0.054131,-0.054217,-0.054303,-0.054389,-0.054475,-0.054561,-0.054648,-0.054734,-0.05482,-0.054279,-0.053738,-0.053197,-0.052656,-0.052115,-0.051574,-0.051033,-0.050492,-0.049951,-0.04941,-0.049466,-0.049521,-0.049577,-0.049633,-0.049689,-0.049745,-0.0498,-0.049856,-0.049912,-0.049968,-0.050157,-0.050345,-0.050534,-0.050723,-0.050912,-0.051101,-0.05129,-0.051478,-0.051667,-0.051856,-0.051292,-0.050729,-0.050165,-0.049601,-0.049037,-0.048474,-0.04791,-0.047346,-0.046783,-0.046219,-0.045561,-0.044902,-0.044244,-0.043586,-0.042928,-0.04227,-0.041612,-0.040954,-0.040295,-0.039637,-0.039605,-0.039573,-0.039541,-0.039509,-0.039477,-0.039444,-0.039412,-0.03938,-0.039348,-0.039316,-0.037668,-0.03602,-0.034372,-0.032724,-0.031076,-0.029428,-0.02778,-0.026132,-0.024485,-0.022837,-0.022687,-0.022537,-0.022388,-0.022238,-0.022088,-0.021939,-0.021789,-0.021639,-0.02149,-0.02134,-0.020188,-0.019036,-0.017884,-0.016732,-0.015581,-0.014429,-0.013277,-0.012125,-0.010973,-0.0098212,-0.0086726,-0.007524,-0.0063755,-0.0052269,-0.0040783,-0.0029297,-0.0017811,-0.00063252,0.00051607,0.0016647,0.0026498,0.0036349,0.0046201,0.0056052,0.0065904,0.0075755,0.0085607,0.0095458,0.010531,0.011516,0.012572,0.013629,0.014685,0.015741,0.016797,0.017853,0.01891,0.019966,0.021022,0.022078,0.023088,0.024097,0.025107,0.026117,0.027126,0.028136,0.029146,0.030155,0.031165,0.032174,0.032598,0.033022,0.033446,0.03387,0.034294,0.034717,0.035141,0.035565,0.035989,0.036413,0.037886,0.039359,0.040833,0.042306,0.043779,0.045252,0.046726,0.048199,0.049672,0.051146,0.051912,0.052678,0.053444,0.054211,0.054977,0.055743,0.05651,0.057276,0.058042,0.058808,0.058585,0.058361,0.058137,0.057914,0.05769,0.057467,0.057243,0.057019,0.056796,0.056572
0.41472,0.4114,0.40807,0.40474,0.40141,0.39809,0.39476,0.39143,0.3881,0.38477,0.38145,0.37778,0.37412,0.37045,0.36679,0.36312,0.35946,0.35579,0.35213,0.34846,0.3448,0.34112,0.33744,0.33375,0.33007,0.32639,0.32271,0.31903,0.31534,0.31166,0.30798,0.30462,0.30127,0.29791,0.29456,0.2912,0.28785,0.28449,0.28114,0.27778,0.27443,0.27069,0.26695,0.26322,0.25948,0.25575,0.25201,0.24827,0.24454,0.2408,0.23707,0.23324,0.2294,0.22557,0.22174,0.21791,0.21408,0.21025,0.20642,0.20259,0.19876,0.19555,0.19234,0.18914,0.18593,0.18272,0.17951,0.17631,0.1731,0.16989,0.16668,0.16336,0.16003,0.15671,0.15338,0.15005,0.14673,0.1434,0.14008,0.13675,0.13342,0.13,0.12657,0.12314,0.11971,0.11628,0.11286,0.10943,0.106,0.10257,0.099144,0.095171,0.091199,0.087227,0.083255,0.079282,0.07531,0.071338,0.067366,0.063394,0.059421,0.055528,0.051636,0.047743,0.04385,0.039957,0.036064,0.032171,0.028278,0.024385,0.020492,0.016282,0.012071,0.00786,0.0036491,-0.0005617,-0.0047725,-0.0089834,-0.013194,-0.017405,-0.021616,-0.02565,-0.029685,-0.033719,-0.037753,-0.041788,-0.045822,-0.049856,-0.053891,-0.057925,-0.061959,-0.065961,-0.069963,-0.073965,-0.077966,-0.081968,-0.08597,-0.089971,-0.093973,-0.097975,-0.10198,-0.10597,-0.10996,-0.11395,-0.11794,-0.12193,-0.12592,-0.12991,-0.1339,-0.13789,-0.14188,-0.14651,-0.15114,-0.15578,-0.16041,-0.16504,-0.16968,-0.17431,-0.17894,-0.18357,-0.18821,-0.1915,-0.19479,-0.19809,-0.20138,-0.20467,-0.20797,-0.21126,-0.21456,-0.21785,-0.22114,-0.22522,-0.22931,-0.23339,-0.23747,-0.24155,-0.24563,-0.24971,-0.25379,-0.25787,-0.26196,-0.26545,-0.26895,-0.27245,-0.27595,-0.27944,-0.28294,-0.28644,-0.28994,-0.29343,-0.29693,-0.30143,-0.30592,-0.31042,-0.31491,-0.31941,-0.3239,-0.3284,-0.33289,-0.33739,-0.34188,-0.34579,-0.3497,-0.3536,-0.35751,-0.36141,-0.36532,-0.36923,-0.37313,-0.37704,-0.38094,-0.38506,-0.38917,-0.39329,-0.3974,-0.40152,-0.40563,-0.40975,-0.41386,-0.41798,-0.42209
0.001142,0.001142,0.001142,0.001142,0.001142,0.001142,0.001142,0.001142,0.001142,0.001142,0.001142,0.001142,0.001142,0.001142,0.001142,0.001142,0.001142,0.001142,0.001142,0.001142,0.001142,0.001142,0.001142,0.001142,0.001142,0.001142,0.001142,0.001142,0.001142,0.001142,0.001142,0.001142,0.001142,0.001142,0.001142,0.001142,0.001142,0.001142,0.001142,0.001142,0.001142,0.001142,0.001142,0.001142,0.001142,0.001142,0.001142,0.001142,0.001142,0.001142,0.001142,0.001142,0.001142,0.001142,0.001142,0.001142,0.001142,0.001142,0.001142,0.001142,0.001142,0.001142,0.001142,0.001142,0.001142,0.001142,0.001142,0.001142,0.001142,0.001142,0.001142,0.001142,0.001142,0.001142,0.001142,0.001142,0.001142,0.001142,0.001142,0.001142,0.001142,0.001142,0.001142,0.001142,0.001142,0.001142,0.001142,0.001142,0.001142,0.001142,0.001142,0.0011494,0.0011568,0.0011642,0.0011716,0.001179,0.0011864,0.0011938,0.0012012,0.0012086,0.0012161,0.0012161,0.0012161,0.0012161,0.0012161,0.0012161,0.0012161,0.0012161,0.0012161,0.0012161,0.0012161,0.0012161,0.0012161,0.0012161,0.0012161,0.0012161,0.0012161,0.0012161,0.0012161,0.0012161,0.0012161,0.0012161,0.0012161,0.0012161,0.0012161,0.0012161,0.0012161,0.0012161,0.0012161,0.0012161,0.0012161
-0.42058,-0.42058,-0.42058,-0.42058,-0.42058,-0.42058,-0.42058,-0.42058,-0.42058,-0.42058,-0.42058,-0.42058,-0.42058,-0.42058,-0.42058,-0.42058,-0.42058,-0.42058,-0.42058,-0.42058,-0.42058,-0.42058,-0.42058,-0.42058,-0.42058,-0.42058,-0.42058,-0.42058,-0.42058,-0.42058,-0.42058,-0.42058,-0.42058,-0.42058,-0.42058,-0.42058,-0.42058,-0.42058,-0.42058,-0.42058,-0.42058,-0.42058,-0.42058,-0.42058,-0.42058,-0.42058,-0.42058,-0.42058,-0.42058,-0.42058,-0.42058,-0.42058,-0.42058,-0.42058,-0.42058,-0.42058,-0.42058,-0.42058,-0.42058,-0.42058,-0.42058,-0.42058,-0.42058,-0.42058,-0.42058,-0.42058,-0.42058,-0.42058,-0.42058,-0.42058,-0.42058,-0.42058,-0.42058,-0.42058,-0.42058,-0.42058,-0.42058,-0.42058,-0.42058,-0.42058,-0.42058,-0.42058,-0.42058,-0.42058,-0.42058,-0.42058,-0.42058,-0.42058,-0.42058,-0.42058,-0.42058,-0.42045,-0.42032,-0.42018,-0.42005,-0.41991,-0.41978,-0.41965,-0.41951,-0.41938,-0.41924,-0.41924,-0.41924,-0.41924,-0.41924,-0.41924,-0.41924,-0.41924,-0.41924,-0.41924,-0.41924,-0.41924,-0.41924,-0.41924,-0.41924,-0.41924,-0.41924,-0.41924,-0.41924,-0.41924,-0.41924,-0.41924,-0.41924,-0.41924,-0.41924,-0.41924,-0.41924,-0.41924,-0.41924,-0.41924,-0.41924
0.0077763,0.0095534,0.011331,0.013108,0.014885,0.016662,0.018439,0.020216,0.021994,0.023771,0.025548,0.0271,0.028653,0.030205,0.031758,0.03331,0.034863,0.036415,0.037968,0.03952,0.041073,0.043187,0.045301,0.047416,0.04953,0.051644,0.053759,0.055873,0.057987,0.060101,0.062216,0.06457,0.066925,0.06928,0.071634,0.073989,0.076344,0.078698,0.081053,0.083407,0.085762,0.087629,0.089496,0.091362,0.093229,0.095096,0.096962,0.098829,0.1007,0.10256,0.10443,0.10619,0.10796,0.10972,0.11149,0.11325,0.11502,0.11678,0.11855,0.12031,0.12207,0.12402,0.12597,0.12792,0.12987,0.13182,0.13377,0.13572,0.13767,0.13961,0.14156,0.14411,0.14666,0.14921,0.15176,0.15431,0.15686,0.15941,0.16196,0.16451,0.16706
0.23556,0.23634,0.23713,0.23792,0.23871,0.23949,0.24028,0.24107,0.24186,0.24264,0.24343,0.24477,0.24612,0.24746,0.24881,0.25015,0.25149,0.25284,0.25418,0.25552,0.25687,0.25746,0.25805,0.25864,0.25923,0.25981,0.2604,0.26099,0.26158,0.26217,0.26276,0.26357,0.26437,0.26518,0.26599,0.26679,0.2676,0.26841,0.26921,0.27002,0.27083,0.27183,0.27284,0.27385,0.27485,0.27586,0.27687,0.27788,0.27888,0.27989,0.2809,0.28243,0.28397,0.28551,0.28704,0.28858,0.29012,0.29165,0.29319,0.29473,0.29626,0.29698,0.2977,0.29841,0.29913,0.29985,0.30056,0.30128,0.302,0.30271,0.30343,0.30455,0.30568,0.30681,0.30793,0.30906,0.31018,0.31131,0.31244,0.31356,0.31469
-0.067807,-0.066904,-0.066,-0.065097,-0.064193,-0.06329,-0.062386,-0.061483,-0.060579,-0.059676,-0.058772,-0.057639,-0.056506,-0.055373,-0.054241,-0.053108,-0.051975,-0.050842,-0.049709,-0.048576,-0.047443,-0.048392,-0.049341,-0.05029,-0.05124,-0.052189,-0.053138,-0.054087,-0.055036,-0.055986,-0.056935,-0.05768,-0.058425,-0.05917,-0.059915,-0.060661,-0.061406,-0.062151,-0.062896,-0.063641,-0.064386,-0.063743,-0.0631,-0.062457,-0.061813,-0.06117,-0.060527,-0.059884,-0.059241,-0.058597,-0.057954,-0.057602,-0.057249,-0.056897,-0.056545,-0.056192,-0.05584,-0.055488,-0.055135,-0.054783,-0.054431,-0.0543,-0.054169,-0.054039,-0.053908,-0.053778,-0.053647,-0.053517,-0.053386,-0.053256,-0.053125,-0.053002,-0.052879,-0.052756,-0.052633,-0.05251,-0.052387,-0.052264,-0.052141,-0.052018,-0.051895,-0.050907,-0.049919,-0.04893,-0.047942,-0.046954,-0.045965,-0.044977,-0.043989,-0.043,-0.042012,-0.041505,-0.040998,-0.040491,-0.039984,-0.039477,-0.03897,-0.038463,-0.037956,-0.037449,-0.036942,-0.036968,-0.036993,-0.037018,-0.037044,-0.037069,-0.037094,-0.037119,-0.037145,-0.03717,-0.037195,-0.036837,-0.036478,-0.03612,-0.035761,-0.035403,-0.035044,-0.034685,-0.034327,-0.033968,-0.03361,-0.033141,-0.032672,-0.032204,-0.031735,-0.031267,-0.030798,-0.03033,-0.029861,-0.029393,-0.028924
-0.1475,-0.14947,-0.15144,-0.15342,-0.15539,-0.15736,-0.15934,-0.16131,-0.16328,-0.16526,-0.16723,-0.16733,-0.16743,-0.16753,-0.16763,-0.16773,-0.16784,-0.16794,-0.16804,-0.16814,-0.16824,-0.16937,-0.1705,-0.17163,-0.17276,-0.17389,-0.17502,-0.17615,-0.17728,-0.17841,-0.17954,-0.1815,-0.18346,-0.18543,-0.18739,-0.18935,-0.19131,-0.19328,-0.19524,-0.1972,-0.19916,-0.20124,-0.20332,-0.2054,-0.20748,-0.20956,-0.21164,-0.21373,-0.21581,-0.21789,-0.21997,-0.2227,-0.22543,-0.22816,-0.23089,-0.23362,-0.23635,-0.23908,-0.24181,-0.24454,-0.24727,-0.24944,-0.25161,-0.25378,-0.25595,-0.25812,-0.2603,-0.26247,-0.26464,-0.26681,-0.26898,-0.27129,-0.27359,-0.2759,-0.27821,-0.28051,-0.28282,-0.28512,-0.28743,-0.28974,-0.29204,-0.29468,-0.29731,-0.29994,-0.30258,-0.30521,-0.30785,-0.31048,-0.31312,-0.31575,-0.31838,-0.32058,-0.32277,-0.32496,-0.32715,-0.32935,-0.33154,-0.33373,-0.33592,-0.33812,-0.34031,-0.34301,-0.3457,-0.3484,-0.3511,-0.3538,-0.3565,-0.3592,-0.36189,-0.36459,-0.36729,-0.36988,-0.37246,-0.37505,-0.37763,-0.38022,-0.3828,-0.38539,-0.38798,-0.39056,-0.39315,-0.39601,-0.39887,-0.40173,-0.40459,-0.40745,-0.4103,-0.41316,-0.41602,-0.41888,-0.42174
0.10596,0.10594,0.10592,0.1059,0.10588,0.10586,0.10583,0.10581,0.10579,0.10577,0.10575,0.10501,0.10426,0.10352,0.10278,0.10204,0.1013,0.10056,0.099815,0.099073,0.098332,0.097943,0.097554,0.097165,0.096776,0.096387,0.095998,0.095609,0.09522,0.094831,0.094442,0.094322,0.094202,0.094082,0.093961,0.093841,0.093721,0.093601,0.093481,0.09336,0.09324,0.092242,0.091243,0.090245,0.089246,0.088248,0.08725,0.086251,0.085253,0.084254,0.083256,0.082504,0.081752,0.081,0.080248,0.079496,0.078744,0.077992,0.07724,0.076488,0.075736,0.074733,0.073731,0.072728,0.071726,0.070723,0.06972,0.068718,0.067715,0.066713,0.06571,0.064068,0.062426,0.060784,0.059143,0.057501,0.055859,0.054217,0.052575,0.050933,0.049291,0.048411,0.047531,0.046651,0.045771,0.044891,0.044011,0.043131,0.042251,0.041371,0.040491,0.039465,0.038439,0.037413,0.036387,0.035361,0.034335,0.033309,0.032283,0.031257,0.030231,0.029188,0.028145,0.027102,0.026058,0.025015,0.023972,0.022929,0.021886,0.020842,0.019799,0.019434,0.019069,0.018704,0.018338,0.017973,0.017608,0.017243,0.016877,0.016512,0.016147,0.015361,0.014576,0.01379,0.013004,0.012219,0.011433,0.010647,0.0098616,0.0090759,0.0082903,0.0083727,0.0084552,0.0085377,0.0086201,0.0087026,0.0087851,0.0088675,0.00895,0.0090324,0.0091149,0.009067,0.0090191,0.0089712,0.0089233,0.0088754,0.0088275,0.0087796,0.0087317,0.0086838,0.0086359,0.007842,0.0070482,0.0062543,0.0054605,0.0046666,0.0038728,0.0030789,0.0022851,0.0014912,0.00069736,0.00041046,0.00012355,-0.00016336,-0.00045026,-0.00073717,-0.0010241,-0.001311,-0.0015979,-0.0018848,-0.0021717,-0.003222,-0.0042723,-0.0053227,-0.006373,-0.0074233,-0.0084736,-0.0095239,-0.010574,-0.011625,-0.012675,-0.014729,-0.016784,-0.018838,-0.020893,-0.022947,-0.025001,-0.027056,-0.02911,-0.031165,-0.033219
-0.27152,-0.26743,-0.26335,-0.25926,-0.25517,-0.25109,-0.247,-0.24292,-0.23883,-0.23474,-0.23066,-0.22651,-0.22236,-0.21821,-0.21407,-0.20992,-0.20577,-0.20163,-0.19748,-0.19333,-0.18918,-0.1852,-0.18121,-0.17722,-0.17323,-0.16924,-0.16525,-0.16126,-0.15728,-0.15329,-0.1493,-0.14481,-0.14032,-0.13583,-0.13134,-0.12685,-0.12236,-0.11787,-0.11338,-0.10889,-0.1044,-0.10047,-0.096547,-0.092623,-0.088698,-0.084774,-0.080849,-0.076925,-0.073,-0.069075,-0.065151,-0.061113,-0.057075,-0.053037,-0.048999,-0.044962,-0.040924,-0.036886,-0.032848,-0.02881,-0.024773,-0.02083,-0.016888,-0.012946,-0.0090033,-0.005061,-0.0011187,0.0028236,0.0067659,0.010708,0.014651,0.018153,0.021656,0.025159,0.028662,0.032165,0.035668,0.039171,0.042674,0.046177,0.04968,0.05376,0.057841,0.061922,0.066002,0.070083,0.074164,0.078244,0.082325,0.086405,0.090486,0.094197,0.097909,0.10162,0.10533,0.10904,0.11275,0.11647,0.12018,0.12389,0.1276,0.13106,0.13451,0.13797,0.14143,0.14489,0.14835,0.1518,0.15526,0.15872,0.16218,0.16674,0.1713,0.17586,0.18042,0.18498,0.18954,0.1941,0.19866,0.20322,0.20778,0.21148,0.21517,0.21887,0.22257,0.22627,0.22997,0.23367,0.23737,0.24106,0.24476,0.24846,0.25216,0.25586,0.25956,0.26326,0.26696,0.27066,0.27436,0.27806,0.28175,0.28534,0.28892,0.29251,0.29609,0.29968,0.30326,0.30685,0.31043,0.31402,0.3176,0.32118,0.32476,0.32834,0.33191,0.33549,0.33907,0.34265,0.34623,0.3498,0.35338,0.35714,0.3609,0.36466,0.36842,0.37218,0.37594,0.3797,0.38346,0.38722,0.39098,0.39448,0.39799,0.40149,0.40499,0.40849,0.41199,0.4155,0.419,0.4225,0.426,0.42957,0.43313,0.4367,0.44026,0.44383,0.44739,0.45096,0.45452,0.45809,0.46165
-0.049096,-0.048798,-0.048501,-0.048204,-0.047906,-0.047609,-0.047311,-0.047014,-0.046717,-0.046419,-0.046122,-0.045692,-0.045262,-0.044832,-0.044402,-0.043973,-0.043543,-0.043113,-0.042683,-0.042253,-0.041823,-0.041674,-0.041524,-0.041374,-0.041225,-0.041075,-0.040926,-0.040776,-0.040626,-0.040477,-0.040327,-0.039296,-0.038265,-0.037234,-0.036203,-0.035172,-0.034141,-0.03311,-0.032079,-0.031048,-0.030017,-0.029867,-0.029718,-0.029568,-0.029418,-0.029269,-0.029119,-0.02897,-0.02882,-0.028671,-0.028521,-0.028708,-0.028895,-0.029082,-0.02927,-0.029457,-0.029644,-0.029831,-0.030018,-0.030205,-0.030392,-0.029151,-0.027911,-0.02667,-0.025429,-0.024188,-0.022947,-0.021707,-0.020466,-0.019225,-0.017984,-0.018193,-0.018402,-0.01861,-0.018819,-0.019028,-0.019237,-0.019445,-0.019654,-0.019863,-0.020071,-0.021044,-0.022016,-0.022989,-0.023961,-0.024933,-0.025906,-0.026878,-0.027851,-0.028823,-0.029795,-0.030866,-0.031938,-0.033009,-0.03408,-0.035151,-0.036222,-0.037294,-0.038365,-0.039436,-0.040507,-0.043088,-0.045669,-0.048249,-0.05083,-0.053411,-0.055991,-0.058572,-0.061153,-0.063733,-0.066314,-0.068736,-0.071157,-0.073578,-0.076,-0.078421,-0.080842,-0.083264,-0.085685,-0.088106,-0.090528,-0.093151,-0.095774,-0.098397,-0.10102,-0.10364,-0.10627,-0.10889,-0.11151,-0.11414,-0.11676,-0.11999,-0.12322,-0.12645,-0.12968,-0.13291,-0.13614,-0.13937,-0.1426,-0.14583,-0.14906,-0.15112,-0.15317,-0.15523,-0.15728,-0.15934,-0.16139,-0.16345,-0.1655,-0.16756,-0.16961,-0.17349,-0.17737,-0.18124,-0.18512,-0.189,-0.19288,-0.19675,-0.20063,-0.20451,-0.20839,-0.21104,-0.2137,-0.21636,-0.21902,-0.22168,-0.22434,-0.227,-0.22965,-0.23231,-0.23497,-0.23713,-0.23929,-0.24145,-0.24362,-0.24578,-0.24794,-0.2501,-0.25226,-0.25442,-0.25658,-0.25893,-0.26127,-0.26362,-0.26596,-0.2683,-0.27065,-0.27299,-0.27534,-0.27768,-0.28003
0.27099,0.26733,0.26367,0.26002,0.25636,0.2527,0.24904,0.24539,0.24173,0.23807,0.23441,0.23087,0.22733,0.22379,0.22024,0.2167,0.21316,0.20962,0.20608,0.20253,0.19899,0.19496,0.19092,0.18689,0.18285,0.17881,0.17478,0.17074,0.16671,0.16267,0.15864,0.15462,0.15059,0.14657,0.14255,0.13853,0.13451,0.13049,0.12647,0.12245,0.11843,0.1144,0.11037,0.10633,0.1023,0.09827,0.094238,0.090206,0.086174,0.082142,0.07811,0.074787,0.071464,0.068142,0.064819,0.061496,0.058173,0.054851,0.051528,0.048205,0.044883,0.040185,0.035487,0.03079,0.026092,0.021394,0.016697,0.011999,0.0073013,0.0026036,-0.002094,-0.0058175,-0.009541,-0.013264,-0.016988,-0.020711,-0.024435,-0.028158,-0.031882,-0.035605,-0.039329,-0.043246,-0.047164,-0.051081,-0.054999,-0.058916,-0.062833,-0.066751,-0.070668,-0.074586,-0.078503,-0.081888,-0.085273,-0.088657,-0.092042,-0.095427,-0.098811,-0.1022,-0.10558,-0.10897,-0.11235,-0.11547,-0.1186,-0.12172,-0.12484,-0.12797,-0.13109,-0.13421,-0.13734,-0.14046,-0.14358,-0.1458,-0.14802,-0.15023,-0.15245,-0.15466,-0.15688,-0.1591,-0.16131,-0.16353,-0.16574,-0.16892,-0.17209,-0.17526,-0.17843,-0.1816,-0.18478,-0.18795,-0.19112,-0.19429,-0.19746,-0.19952,-0.20158,-0.20363,-0.20569,-0.20775,-0.2098,-0.21186,-0.21392,-0.21597,-0.21803,-0.21965,-0.22127,-0.22289,-0.22452,-0.22614,-0.22776,-0.22938,-0.231,-0.23262,-0.23424,-0.2374,-0.24055,-0.24371,-0.24686,-0.25002,-0.25318,-0.25633,-0.25949,-0.26264,-0.2658,-0.26797,-0.27014,-0.2723,-0.27447,-0.27664,-0.27881,-0.28098,-0.28315,-0.28531,-0.28748,-0.28998,-0.29248,-0.29498,-0.29748,-0.29998,-0.30248,-0.30498,-0.30748,-0.30998,-0.31248,-0.31554,-0.31861,-0.32168,-0.32474,-0.32781,-0.33088,-0.33394,-0.33701,-0.34008,-0.34314
0.029675,0.02999,0.030305,0.03062,0.030934,0.031249,0.031564,0.031879,0.032193,0.032508,0.032823,0.032886,0.032949,0.033012,0.033075,0.033138,0.033201,0.033263,0.033326,0.033389,0.033452,0.034248,0.035044,0.03584,0.036636,0.037432,0.038227,0.039023,0.039819,0.040615,0.041411,0.042083,0.042756,0.043429,0.044101,0.044774,0.045446,0.046119,0.046792,0.047464,0.048137,0.048665,0.049194,0.049722,0.05025,0.050779,0.051307,0.051835,0.052364,0.052892,0.053421,0.054206,0.054991,0.055776,0.056561,0.057346,0.058131,0.058916,0.059701,0.060486,0.061271,0.061934,0.062596,0.063259,0.063921,0.064584,0.065246,0.065909,0.066571,0.067234,0.067896,0.068309,0.068721,0.069134,0.069546,0.069959,0.070371,0.070783,0.071196,0.071608,0.072021,0.072703,0.073385,0.074068,0.07475,0.075433,0.076115,0.076797,0.07748,0.078162,0.078845,0.078951,0.079057,0.079164,0.07927,0.079376,0.079482,0.079589,0.079695,0.079801,0.079907,0.080532,0.081156,0.081781,0.082405,0.08303,0.083654,0.084279,0.084903,0.085528,0.086152,0.087059,0.087966,0.088873,0.08978,0.090687,0.091594,0.092501,0.093408,0.094314,0.095221,0.09503,0.094839,0.094648,0.094457,0.094266,0.094074,0.093883,0.093692,0.093501,0.09331,0.094102,0.094895,0.095688,0.09648,0.097273,0.098065,0.098858,0.099651,0.10044,0.10124,0.10117,0.10109,0.10102,0.10095,0.10088,0.10081,0.10074,0.10067,0.1006,0.10053,0.10045,0.10038,0.1003,0.10022,0.10014,0.10007,0.099988,0.09991,0.099832,0.099755,0.099528,0.099302,0.099076,0.098849,0.098623,0.098397,0.09817,0.097944,0.097717,0.097491
0.1621,0.15888,0.15566,0.15244,0.14922,0.146,0.14278,0.13956,0.13634,0.13311,0.12989,0.12657,0.12326,0.11994,0.11662,0.1133,0.10998,0.10666,0.10334,0.10002,0.096705,0.093292,0.089879,0.086466,0.083053,0.07964,0.076228,0.072815,0.069402,0.065989,0.062576,0.059184,0.055793,0.052401,0.049009,0.045617,0.042226,0.038834,0.035442,0.032051,0.028659,0.024892,0.021125,0.017358,0.013592,0.0098248,0.006058,0.0022912,-0.0014757,-0.0052425,-0.0090093,-0.012536,-0.016063,-0.01959,-0.023117,-0.026644,-0.030171,-0.033698,-0.037225,-0.040752,-0.044279,-0.047787,-0.051295,-0.054803,-0.05831,-0.061818,-0.065326,-0.068834,-0.072342,-0.07585,-0.079357,-0.082968,-0.086578,-0.090188,-0.093798,-0.097408,-0.10102,-0.10463,-0.10824,-0.11185,-0.11546,-0.11856,-0.12167,-0.12477,-0.12788,-0.13098,-0.13409,-0.13719,-0.1403,-0.1434,-0.14651,-0.14903,-0.15155,-0.15407,-0.15659,-0.1591,-0.16162,-0.16414,-0.16666,-0.16918,-0.1717,-0.17585,-0.18,-0.18415,-0.1883,-0.19245,-0.1966,-0.20075,-0.2049,-0.20905,-0.2132,-0.21658,-0.21995,-0.22333,-0.2267,-0.23007,-0.23345,-0.23682,-0.2402,-0.24357,-0.24695,-0.2505,-0.25405,-0.2576,-0.26115,-0.2647,-0.26825,-0.2718,-0.27535,-0.2789,-0.28245,-0.28568,-0.2889,-0.29213,-0.29536,-0.29858,-0.30181,-0.30503,-0.30826,-0.31148,-0.31471,-0.31827,-0.32183,-0.32539,-0.32895,-0.33251,-0.33608,-0.33964,-0.3432,-0.34676,-0.35032,-0.35402,-0.35771,-0.36141,-0.3651,-0.3688,-0.37249,-0.37619,-0.37989,-0.38358,-0.38728,-0.3915,-0.39572,-0.39994,-0.40416,-0.40838,-0.4126,-0.41683,-0.42105,-0.42527,-0.42949
0.056113,0.05577,0.055428,0.055086,0.054743,0.054401,0.054058,0.053716,0.053374,0.053031,0.052689,0.052354,0.052018,0.051683,0.051348,0.051013,0.050677,0.050342,0.050007,0.049672,0.049336,0.049611,0.049885,0.05016,0.050434,0.050709,0.050983,0.051258,0.051532,0.051807,0.052081,0.051646,0.051211,0.050776,0.05034,0.049905,0.04947,0.049035,0.048599,0.048164,0.047729,0.04776,0.047791,0.047821,0.047852,0.047883,0.047914,0.047944,0.047975,0.048006,0.048037,0.046854,0.045672,0.04449,0.043307,0.042125,0.040942,0.03976,0.038578,0.037395,0.036213,0.035633,0.035053,0.034472,0.033892,0.033312,0.032732,0.032151,0.031571,0.030991,0.030411,0.030558,0.030704,0.030851,0.030998,0.031145,0.031291,0.031438,0.031585,0.031732,0.031878,0.031788,0.031697,0.031606,0.031515,0.031425,0.031334,0.031243,0.031153,0.031062,0.030971,0.031599,0.032227,0.032854,0.033482,0.03411,0.034738,0.035365,0.035993,0.036621,0.037248,0.037645,0.038042,0.038439,0.038836,0.039233,0.03963,0.040027,0.040423,0.04082,0.041217,0.041377,0.041537,0.041697,0.041857,0.042017,0.042177,0.042337,0.042497,0.042657,0.042817,0.044304,0.045791,0.047278,0.048765,0.050252,0.051739,0.053227,0.054714,0.056201,0.057688
-0.29566,-0.29072,-0.28578,-0.28084,-0.27589,-0.27095,-0.26601,-0.26107,-0.25613,-0.25118,-0.24624,-0.24117,-0.23609,-0.23101,-0.22594,-0.22086,-0.21579,-0.21071,-0.20564,-0.20056,-0.19549,-0.19047,-0.18545,-0.18043,-0.17541,-0.17039,-0.16538,-0.16036,-0.15534,-0.15032,-0.1453,-0.13982,-0.13434,-0.12886,-0.12338,-0.1179,-0.11242,-0.10694,-0.10146,-0.09598,-0.0905,-0.085467,-0.080434,-0.075401,-0.070368,-0.065335,-0.060302,-0.05527,-0.050237,-0.045204,-0.040171,-0.034867,-0.029562,-0.024258,-0.018954,-0.01365,-0.0083453,-0.0030411,0.0022631,0.0075674,0.012872,0.017981,0.023091,0.0282,0.03331,0.038419,0.043529,0.048638,0.053748,0.058858,0.063967,0.068851,0.073735,0.078619,0.083503,0.088387,0.093271,0.098155,0.10304,0.10792,0.11281,0.11785,0.12289,0.12794,0.13298,0.13803,0.14307,0.14811,0.15316,0.1582,0.16324,0.16791,0.17258,0.17725,0.18192,0.18659,0.19126,0.19592,0.20059,0.20526,0.20993,0.21489,0.21984,0.2248,0.22975,0.23471,0.23966,0.24462,0.24957,0.25453,0.25948,0.2646,0.26972,0.27483,0.27995,0.28506,0.29018,0.29529,0.30041,0.30552,0.31064,0.31539,0.32013,0.32488,0.32963,0.33438,0.33912,0.34387,0.34862,0.35337,0.35811
-0.067807,-0.066904,-0.066,-0.065097,-0.064193,-0.06329,-0.062386,-0.061483,-0.060579,-0.059676,-0.058772,-0.057639,-0.056506,-0.055373,-0.054241,-0.053108,-0.051975,-0.050842,-0.049709,-0.048576,-0.047443,-0.048392,-0.049341,-0.05029,-0.05124,-0.052189,-0.053138,-0.054087,-0.055036,-0.055986,-0.056935,-0.05768,-0.058425,-0.05917,-0.059915,-0.060661,-0.061406,-0.062151,-0.062896,-0.063641,-0.064386,-0.063743,-0.0631,-0.062457,-0.061813,-0.06117,-0.060527,-0.059884,-0.059241,-0.058597,-0.057954,-0.057602,-0.057249,-0.056897,-0.056545,-0.056192,-0.05584,-0.055488,-0.055135,-0.054783,-0.054431,-0.0543,-0.054169,-0.054039,-0.053908,-0.053778,-0.053647,-0.053517,-0.053386,-0.053256,-0.053125,-0.053002,-0.052879,-0.052756,-0.052633,-0.05251,-0.052387,-0.052264,-0.052141,-0.052018,-0.051895,-0.050907,-0.049919,-0.04893,-0.047942,-0.046954,-0.045965,-0.044977,-0.043989,-0.043,-0.042012,-0.041505,-0.040998,-0.040491,-0.039984,-0.039477,-0.03897,-0.038463,-0.037956,-0.037449,-0.036942,-0.036968,-0.036993,-0.037018,-0.037044,-0.037069,-0.037094,-0.037119,-0.037145,-0.03717,-0.037195,-0.036837,-0.036478,-0.03612,-0.035761,-0.035403,-0.035044,-0.034685,-0.034327,-0.033968,-0.03361,-0.033141,-0.032672,-0.032204,-0.031735,-0.031267,-0.030798,-0.03033,-0.029861,-0.029393,-0.028924
-0.1475,-0.14947,-0.15144,-0.15342,-0.15539,-0.15736,-0.15934,-0.16131,-0.16328,-0.16526,-0.16723,-0.16733,-0.16743,-0.16753,-0.16763,-0.16773,-0.16784,-0.16794,-0.16804,-0.16814,-0.16824,-0.16937,-0.1705,-0.17163,-0.17276,-0.17389,-0.17502,-0.17615,-0.17728,-0.17841,-0.17954,-0.1815,-0.18346,-0.18543,-0.18739,-0.18935,-0.19131,-0.19328,-0.19524,-0.1972,-0.19916,-0.20124,-0.20332,-0.2054,-0.20748,-0.20956,-0.21164,-0.21373,-0.21581,-0.21789,-0.21997,-0.2227,-0.22543,-0.22816,-0.23089,-0.23362,-0.23635,-0.23908,-0.24181,-0.24454,-0.24727,-0.24944,-0.25161,-0.25378,-0.25595,-0.25812,-0.2603,-0.26247,-0.26464,-0.26681,-0.26898,-0.27129,-0.27359,-0.2759,-0.27821,-0.28051,-0.28282,-0.28512,-0.28743,-0.28974,-0.29204,-0.29468,-0.29731,-0.29994,-0.30258,-0.30521,-0.30785,-0.31048,-0.31312,-0.31575,-0.31838,-0.32058,-0.32277,-0.32496,-0.32715,-0.32935,-0.33154,-0.33373,-0.33592,-0.33812,-0.34031,-0.34301,-0.3457,-0.3484,-0.3511,-0.3538,-0.3565,-0.3592,-0.36189,-0.36459,-0.36729,-0.36988,-0.37246,-0.37505,-0.37763,-0.38022,-0.3828,-0.38539,-0.38798,-0.39056,-0.39315,-0.39601,-0.39887,-0.40173,-0.40459,-0.40745,-0.4103,-0.41316,-0.41602,-0.41888,-0.42174
0.014064,0.013679,0.013293,0.012908,0.012522,0.012137,0.011751,0.011365,0.01098,0.010594,0.010209,0.0098153,0.0094217,0.0090282,0.0086347,0.0082411,0.0078476,0.007454,0.0070605,0.0066669,0.0062734,0.0064888,0.0067043,0.0069197,0.0071351,0.0073506,0.007566,0.0077814,0.0079969,0.0082123,0.0084277,0.0081424,0.0078572,0.0075719,0.0072866,0.0070013,0.006716,0.0064307,0.0061455,0.0058602,0.0055749,0.0054201,0.0052654,0.0051106,0.0049558,0.0048011,0.0046463,0.0044915,0.0043368,0.004182,0.0040272,0.0040973,0.0041674,0.0042375,0.0043076,0.0043777,0.0044477,0.0045178,0.0045879,0.004658,0.0047281,0.0043037,0.0038793,0.0034549,0.0030305,0.0026061,0.0021817,0.0017573,0.0013329,0.00090848,0.00048408,0.00056896,0.00065384,0.00073872,0.0008236,0.00090848,0.00099336,0.0010782,0.0011631,0.001248,0.0013329,0.0012792,0.0012256,0.001172,0.0011184,0.0010647,0.0010111,0.00095748,0.00090385,0.00085022,0.00079659,0.00037862,-3.935E-05,-0.00045732,-0.00087529,-0.0012933,-0.0017112,-0.0021292,-0.0025472,-0.0029651,-0.0033831,-0.0032982,-0.0032132,-0.0031283,-0.0030433,-0.0029584,-0.0028734,-0.0027885,-0.0027035,-0.0026186,-0.0025336,-0.0026967,-0.0028597,-0.0030228,-0.0031859,-0.0033489,-0.003512,-0.0036751,-0.0038381,-0.0040012,-0.0041643,-0.0044517,-0.0047391,-0.0050265,-0.0053139,-0.0056013,-0.0058887,-0.0061762,-0.0064636,-0.006751,-0.0070384,-0.0065736,-0.0061087,-0.0056439,-0.0051791,-0.0047142,-0.0042494,-0.0037845,-0.0033197,-0.0028549,-0.00239,-0.0024142,-0.0024385,-0.0024627,-0.0024869,-0.0025111,-0.0025353,-0.0025595,-0.0025837,-0.002608,-0.0026322,-0.002788,-0.0029438,-0.0030996,-0.0032554,-0.0034112,-0.003567,-0.0037229,-0.0038787,-0.0040345,-0.0041903,-0.0036088,-0.0030274,-0.0024459,-0.0018645,-0.001283,-0.00070157,-0.00012012,0.00046133,0.0010428,0.0016242,0.0018333,0.0020424,0.0022515,0.0024605,0.0026696,0.0028787,0.0030878,0.0032968,0.0035059,0.003715
0.12582,0.12335,0.12087,0.1184,0.11593,0.11346,0.11098,0.10851,0.10604,0.10357,0.10109,0.098484,0.095875,0.093266,0.090657,0.088049,0.08544,0.082831,0.080222,0.077613,0.075004,0.072183,0.069361,0.066539,0.063718,0.060896,0.058074,0.055252,0.052431,0.049609,0.046787,0.043893,0.040998,0.038103,0.035208,0.032313,0.029419,0.026524,0.023629,0.020734,0.017839,0.015059,0.012278,0.0094978,0.0067172,0.0039367,0.0011562,-0.0016243,-0.0044048,-0.0071854,-0.0099659,-0.013174,-0.016382,-0.01959,-0.022798,-0.026007,-0.029215,-0.032423,-0.035631,-0.038839,-0.042047,-0.045205,-0.048362,-0.05152,-0.054677,-0.057835,-0.060992,-0.06415,-0.067307,-0.070465,-0.073622,-0.076569,-0.079517,-0.082464,-0.085411,-0.088358,-0.091305,-0.094252,-0.097199,-0.10015,-0.10309,-0.1063,-0.1095,-0.1127,-0.1159,-0.1191,-0.12231,-0.12551,-0.12871,-0.13191,-0.13511,-0.13815,-0.14119,-0.14423,-0.14726,-0.1503,-0.15334,-0.15638,-0.15941,-0.16245,-0.16549,-0.16844,-0.17139,-0.17435,-0.1773,-0.18025,-0.1832,-0.18616,-0.18911,-0.19206,-0.19501,-0.19795,-0.20088,-0.20381,-0.20675,-0.20968,-0.21261,-0.21555,-0.21848,-0.22141,-0.22434,-0.22727,-0.2302,-0.23312,-0.23605,-0.23898,-0.2419,-0.24483,-0.24776,-0.25068,-0.25361,-0.25646,-0.25931,-0.26216,-0.26501,-0.26786,-0.27072,-0.27357,-0.27642,-0.27927,-0.28212,-0.2848,-0.28748,-0.29016,-0.29284,-0.29552,-0.2982,-0.30088,-0.30357,-0.30625,-0.30893,-0.31174,-0.31454,-0.31735,-0.32016,-0.32297,-0.32578,-0.32858,-0.33139,-0.3342,-0.33701,-0.34,-0.34299,-0.34598,-0.34896,-0.35195,-0.35494,-0.35793,-0.36092,-0.36391,-0.3669,-0.36986,-0.37283,-0.37579,-0.37876,-0.38172,-0.38469,-0.38765,-0.39062,-0.39358,-0.39655
0.00097665,0.0011006,0.0012246,0.0013486,0.0014726,0.0015966,0.0017206,0.0018446,0.0019686,0.0020925,0.0022165,0.0023405,0.0024644,0.0025884,0.0027123,0.0028362,0.0029602,0.0030841,0.0032081,0.003332,0.0034559,0.0034559,0.0034559,0.0034559,0.0034559,0.0034559,0.0034559,0.0034559,0.0034559,0.0034559,0.0034559,0.0034559,0.0034559,0.0034559,0.0034559,0.0034559,0.0034559,0.0034559,0.0034559,0.0034559,0.0034559,0.0037332,0.0040105,0.0042878,0.0045651,0.0048424,0.0051197,0.005397,0.0056743,0.0059516,0.0062289,0.0062215,0.0062141,0.0062067,0.0061993,0.0061919,0.0061846,0.0061772,0.0061698,0.0061624,0.006155,0.006155,0.006155,0.006155,0.006155,0.006155,0.006155,0.006155,0.006155,0.006155,0.006155,0.005652,0.005149,0.0046459,0.0041429,0.0036399,0.0031369,0.0026338,0.0021308,0.0016278,0.0011248,0.00098592,0.00084707,0.00070823,0.00056938,0.00043053,0.00029168,0.00015283,1.3986E-05,-0.00012486,-0.00026371,-0.00039521,-0.00052671,-0.00065821,-0.00078971,-0.0009212,-0.0010527,-0.0011842,-0.0013157,-0.0014472,-0.0015787,-0.0014472,-0.0013157,-0.0011842,-0.0010527,-0.0009212,-0.00078971,-0.00065821,-0.00052671,-0.00039521,-0.00026371,-2.3088E-05,0.00021753,0.00045816,0.00069878,0.0009394,0.00118,0.0014206,0.0016613,0.0019019,0.0021425,0.0020259,0.0019093,0.0017928,0.0016762,0.0015596,0.001443,0.0013264,0.0012098,0.0010932,0.00097665,0.0008452,0.00071375,0.00058231,0.00045086,0.00031941,0.00018797,5.6518E-05,-7.4929E-05,-0.00020638,-0.00033782,-0.00059347,-0.00084911,-0.0011048,-0.0013604,-0.001616,-0.0018717,-0.0021273,-0.002383,-0.0026386,-0.0028943,-0.0027775,-0.0026608,-0.0025441,-0.0024274,-0.0023106,-0.0021939,-0.0020772,-0.0019605,-0.0018437,-0.001727,-0.0014567,-0.0011863,-0.00091592,-0.00064555,-0.00037518,-0.00010482,0.00016555,0.00043592,0.00070628,0.00097665,0.00094702,0.00091739,0.00088776,0.00085813,0.0008285,0.00079887,0.00076924,0.00073961,0.00070999,0.00068036,0.0012204,0.0017605,0.0023006,0.0028407,0.0033807,0.0039208,0.0044609,0.005001,0.005541,0.0060811,0.0055633,0.0050454,0.0045276,0.0040097,0.0034919,0.002974,0.0024561,0.0019383,0.0014204,0.00090258,0.00053032,0.00015806,-0.00021421,-0.00058647,-0.00095873,-0.001331,-0.0017033,-0.0020755,-0.0024478,-0.0028201,-0.0019299,-0.0010398,-0.0001497,0.00074042,0.0016305,0.0025207,0.0034108,0.0043009,0.005191,0.0060811,0.0060811,0.0060811,0.0060811,0.0060811,0.0060811,0.0060811,0.0060811,0.0060811,0.0060811,0.0060811,0.0060811,0.0060811,0.0060811,0.0060811,0.0060811,0.0060811,0.0060811,0.0060811,0.0060811,0.0060811,0.0060811,0.0060811,0.0060811,0.0060811,0.0060811,0.0060811,0.0060811,0.0060811,0.0060811,0.0060811,0.0054466,0.0048122,0.0041777,0.0035432,0.0029087,0.0022742,0.0016397,0.0010053,0.00037077,-0.00026371,0.00037077,0.0010053,0.0016397,0.0022742,0.0029087,0.0035432,0.0041777,0.0048122,0.0054466,0.0060811,0.0050668,0.0040525,0.0030382,0.0020239,0.0010096,-4.673E-06,-0.001019,-0.0020333,-0.0030476,-0.0040619,-0.0030476,-0.0020333,-0.001019,-4.673E-06,0.0010096,0.0020239,0.0030382,0.0040525,0.0050668,0.0060811,0.0060811,0.0060811,0.0060811,0.0060811,0.0060811,0.0060811,0.0060811,0.0060811,0.0060811,0.0060811,0.0060811,0.0060811,0.0060811,0.0060811,0.0060811,0.0060811,0.0060811,0.0060811,0.0060811,0.0060811,0.0060811,0.0060811,0.0060811,0.0060811,0.0060811,0.0060811,0.0060811,0.0060811,0.0060811,0.0060811,0.0060811,0.0060811,0.0060811,0.0060811,0.0060811,0.0060811,0.0060811,0.0060811,0.0060811,0.0060811,0.0060811,0.0060811,0.0060811,0.0060811,0.0060811,0.0060811,0.0060811,0.0060811,0.0060811,0.0060811,0.0060811,0.0060811,0.0060811,0.0060811,0.0060811,0.0060811,0.0060811,0.0060811,0.0060811,0.0060811,0.0060811,0.0060811,0.0060811,0.0060811,0.0060811,0.0060811,0.0060811,0.0060811,0.0060811,0.0060811,0.0060811,0.0060811,0.0060811,0.0060811,0.0060811,0.0060811,0.0060811,0.0060811,0.0060811,0.0060811,0.0060811,0.0060811,0.0060811,0.0060811,0.0060811,0.0060811,0.0060811,0.0060811,0.0060811,0.0060811,0.0060811,0.0060811,0.0060811,0.0060811,0.0060811,0.0060811,0.0060811,0.0060811,0.0060811,0.0060811,0.0059573,0.0058334,0.0057096,0.0055858,0.0054619,0.0053381,0.0052143,0.0050904,0.0049666,0.0048427,0.0042451,0.0036474,0.0030498,0.0024521,0.0018545,0.0012568,0.00065914,6.1484E-05,-0.00053617,-0.0011338,-0.0016083,-0.0020827,-0.0025571,-0.0030316,-0.003506,-0.0039804,-0.0044548,-0.0049293,-0.0054037,-0.0058781,-0.0057613,-0.0056445,-0.0055277,-0.0054109,-0.0052941,-0.0051773,-0.0050605,-0.0049436,-0.0048268,-0.00471,-0.0044691,-0.0042282,-0.0039872,-0.0037463,-0.0035054,-0.0032645,-0.0030235,-0.0027826,-0.0025417,-0.0023007,-0.0024249,-0.002549,-0.0026732,-0.0027974,-0.0029215,-0.0030457,-0.0031698,-0.003294,-0.0034181,-0.0035423,-0.0036665,-0.0037907,-0.0039149,-0.0040391,-0.0041633,-0.0042875,-0.0044117,-0.0045359,-0.0046601,-0.0047843,-0.0049085,-0.0050328,-0.005157,-0.0052813,-0.0054055,-0.0055298,-0.005654,-0.0057782,-0.0059025,-0.0060267,-0.0060267,-0.0060267,-0.0060267,-0.0060267,-0.0060267,-0.0060267,-0.0060267,-0.0060267,-0.0060267,-0.0060267,-0.0060267,-0.0060267,-0.0060267,-0.0060267,-0.0060267,-0.0060267,-0.0060267,-0.0060267,-0.0060267,-0.0060267,-0.0060267,-0.0060267,-0.0060267,-0.0060267,-0.0060267,-0.0060267,-0.0060267,-0.0060267,-0.0060267,-0.0060267,-0.0060267,-0.0060267,-0.0060267,-0.0060267,-0.0060267,-0.0060267,-0.0060267,-0.0060267,-0.0060267,-0.0060267,-0.0060267,-0.0060267,-0.0060267,-0.0060267,-0.0060267,-0.0060267,-0.0060267,-0.0060267,-0.0060267,-0.0060267,-0.006151,-0.0062753,-0.0063996,-0.0065239,-0.0066482,-0.0067725,-0.0068968,-0.0070211,-0.0071454,-0.0072697
-0.35612,-0.35613,-0.35614,-0.35615,-0.35615,-0.35616,-0.35617,-0.35618,-0.35618,-0.35619,-0.3562,-0.35621,-0.35621,-0.35622,-0.35623,-0.35624,-0.35624,-0.35625,-0.35626,-0.35627,-0.35628,-0.35628,-0.35628,-0.35628,-0.35628,-0.35628,-0.35628,-0.35628,-0.35628,-0.35628,-0.35628,-0.35628,-0.35628,-0.35628,-0.35628,-0.35628,-0.35628,-0.35628,-0.35628,-0.35628,-0.35628,-0.35576,-0.35524,-0.35472,-0.3542,-0.35368,-0.35316,-0.35264,-0.35212,-0.3516,-0.35108,-0.35122,-0.35135,-0.35148,-0.35162,-0.35175,-0.35188,-0.35202,-0.35215,-0.35228,-0.35242,-0.35242,-0.35242,-0.35242,-0.35242,-0.35242,-0.35242,-0.35242,-0.35242,-0.35242,-0.35242,-0.35252,-0.35262,-0.35273,-0.35283,-0.35293,-0.35304,-0.35314,-0.35324,-0.35335,-0.35345,-0.35371,-0.35397,-0.35423,-0.35449,-0.35475,-0.35501,-0.35527,-0.35553,-0.35579,-0.35605,-0.35617,-0.3563,-0.35643,-0.35655,-0.35668,-0.35681,-0.35693,-0.35706,-0.35718,-0.35731,-0.35718,-0.35706,-0.35693,-0.35681,-0.35668,-0.35655,-0.35643,-0.3563,-0.35617,-0.35605,-0.3562,-0.35635,-0.35649,-0.35664,-0.35679,-0.35694,-0.35709,-0.35724,-0.35739,-0.35754,-0.3574,-0.35725,-0.35711,-0.35697,-0.35683,-0.35669,-0.35655,-0.35641,-0.35626,-0.35612,-0.35625,-0.35638,-0.3565,-0.35663,-0.35675,-0.35688,-0.35701,-0.35713,-0.35726,-0.35739,-0.3575,-0.35762,-0.35774,-0.35786,-0.35798,-0.3581,-0.35822,-0.35834,-0.35845,-0.35857,-0.35871,-0.35886,-0.359,-0.35914,-0.35928,-0.35942,-0.35956,-0.3597,-0.35984,-0.35999,-0.3596,-0.35921,-0.35883,-0.35844,-0.35805,-0.35767,-0.35728,-0.3569,-0.35651,-0.35612,-0.35666,-0.35719,-0.35773,-0.35826,-0.3588,-0.35933,-0.35987,-0.3604,-0.36094,-0.36147,-0.3607,-0.35993,-0.35916,-0.35839,-0.35761,-0.35684,-0.35607,-0.3553,-0.35453,-0.35375,-0.35412,-0.3545,-0.35487,-0.35524,-0.35561,-0.35598,-0.35635,-0.35672,-0.35709,-0.35746,-0.35744,-0.35742,-0.35739,-0.35737,-0.35735,-0.35733,-0.3573,-0.35728,-0.35726,-0.35723,-0.35689,-0.35654,-0.35619,-0.35584,-0.35549,-0.35515,-0.3548,-0.35445,-0.3541,-0.35375,-0.35375,-0.35375,-0.35375,-0.35375,-0.35375,-0.35375,-0.35375,-0.35375,-0.35375,-0.35375,-0.35375,-0.35375,-0.35375,-0.35375,-0.35375,-0.35375,-0.35375,-0.35375,-0.35375,-0.35375,-0.35375,-0.35375,-0.35375,-0.35375,-0.35375,-0.35375,-0.35375,-0.35375,-0.35375,-0.35375,-0.35398,-0.35421,-0.35444,-0.35467,-0.3549,-0.35513,-0.35536,-0.35559,-0.35582,-0.35605,-0.35582,-0.35559,-0.35536,-0.35513,-0.3549,-0.35467,-0.35444,-0.35421,-0.35398,-0.35375,-0.35409,-0.35443,-0.35478,-0.35512,-0.35546,-0.3558,-0.35614,-0.35648,-0.35682,-0.35716,-0.35682,-0.35648,-0.35614,-0.3558,-0.35546,-0.35512,-0.35478,-0.35443,-0.35409,-0.35375,-0.35375,-0.35375,-0.35375,-0.35375,-0.35375,-0.35375,-0.35375,-0.35375,-0.35375,-0.35375,-0.35375,-0.35375,-0.35375,-0.35375,-0.35375,-0.35375,-0.35375,-0.35375,-0.35375,-0.35375,-0.35375,-0.35375,-0.35375,-0.35375,-0.35375,-0.35375,-0.35375,-0.35375,-0.35375,-0.35375,-0.35375,-0.35375,-0.35375,-0.35375,-0.35375,-0.35375,-0.35375,-0.35375,-0.35375,-0.35375,-0.35375,-0.35375,-0.35375,-0.35375,-0.35375,-0.35375,-0.35375,-0.35375,-0.35375,-0.35375,-0.35375,-0.35375,-0.35375,-0.35375,-0.35375,-0.35375,-0.35375,-0.35375,-0.35375,-0.35375,-0.35375,-0.35375,-0.35375,-0.35375,-0.35375,-0.35375,-0.35375,-0.35375,-0.35375,-0.35375,-0.35375,-0.35375,-0.35375,-0.35375,-0.35375,-0.35375,-0.35375,-0.35375,-0.35375,-0.35375,-0.35375,-0.35375,-0.35375,-0.35375,-0.35375,-0.35375,-0.35375,-0.35375,-0.35375,-0.35375,-0.35375,-0.35375,-0.35375,-0.35375,-0.35375,-0.35375,-0.35375,-0.35375,-0.35375,-0.35375,-0.35375,-0.35374,-0.35373,-0.35372,-0.35372,-0.35371,-0.3537,-0.35369,-0.35369,-0.35368,-0.35324,-0.3528,-0.35236,-0.35192,-0.35148,-0.35104,-0.3506,-0.35016,-0.34972,-0.34928,-0.34885,-0.34842,-0.34799,-0.34755,-0.34712,-0.34669,-0.34626,-0.34582,-0.34539,-0.34496,-0.3451,-0.34524,-0.34538,-0.34552,-0.34567,-0.34581,-0.34595,-0.34609,-0.34623,-0.34637,-0.34652,-0.34667,-0.34682,-0.34697,-0.34712,-0.34727,-0.34742,-0.34757,-0.34772,-0.34787,-0.34786,-0.34785,-0.34784,-0.34784,-0.34783,-0.34782,-0.34781,-0.34781,-0.3478,-0.34779,-0.34778,-0.34778,-0.34777,-0.34776,-0.34775,-0.34774,-0.34774,-0.34773,-0.34772,-0.34771,-0.34771,-0.3477,-0.34769,-0.34768,-0.34767,-0.34767,-0.34766,-0.34765,-0.34764,-0.34764,-0.34764,-0.34764,-0.34764,-0.34764,-0.34764,-0.34764,-0.34764,-0.34764,-0.34764,-0.34764,-0.34764,-0.34764,-0.34764,-0.34764,-0.34764,-0.34764,-0.34764,-0.34764,-0.34764,-0.34764,-0.34764,-0.34764,-0.34764,-0.34764,-0.34764,-0.34764,-0.34764,-0.34764,-0.34764,-0.34764,-0.34764,-0.34764,-0.34764,-0.34764,-0.34764,-0.34764,-0.34764,-0.34764,-0.34764,-0.34764,-0.34764,-0.34764,-0.34764,-0.34764,-0.34764,-0.34764,-0.34764,-0.34764,-0.34764,-0.34764,-0.34763,-0.34762,-0.34761,-0.3476,-0.3476,-0.34759,-0.34758,-0.34757,-0.34757,-0.34756
0.056789,0.056288,0.055787,0.055286,0.054785,0.054284,0.053783,0.053282,0.052781,0.05228,0.051779,0.051407,0.051036,0.050664,0.050292,0.04992,0.049548,0.049176,0.048804,0.048432,0.048061,0.047566,0.047072,0.046578,0.046083,0.045589,0.045095,0.0446,0.044106,0.043612,0.043117,0.043234,0.043351,0.043469,0.043586,0.043703,0.04382,0.043937,0.044054,0.044171,0.044288,0.044664,0.045039,0.045415,0.04579,0.046166,0.046542,0.046917,0.047293,0.047668,0.048044,0.047694,0.047344,0.046994,0.046645,0.046295,0.045945,0.045595,0.045245,0.044895,0.044546,0.044677,0.044808,0.044939,0.045071,0.045202,0.045333,0.045465,0.045596,0.045727,0.045858,0.046219,0.046579,0.04694,0.0473,0.047661,0.048021,0.048381,0.048742,0.049102,0.049463,0.049837,0.050211,0.050585,0.050959,0.051334,0.051708,0.052082,0.052456,0.05283,0.053204,0.05297,0.052736,0.052501,0.052267,0.052032,0.051798,0.051563,0.051329,0.051095,0.05086,0.04978,0.048699,0.047619,0.046539,0.045458,0.044378,0.043298,0.042217,0.041137,0.040056,0.039929,0.039802,0.039675,0.039548,0.039421,0.039294,0.039167,0.03904,0.038913,0.038786,0.03817,0.037554,0.036939,0.036323,0.035708,0.035092,0.034477,0.033861,0.033245,0.03263,0.032603,0.032577,0.03255,0.032524,0.032497,0.03247,0.032444,0.032417,0.032391,0.032364,0.032474,0.032584,0.032695,0.032805,0.032915,0.033025,0.033135,0.033245,0.033355,0.033465,0.032713,0.03196,0.031208,0.030455,0.029702,0.02895,0.028197,0.027445,0.026692,0.02594,0.026302,0.026664,0.027026,0.027388,0.02775,0.028113,0.028475,0.028837,0.029199,0.029561,0.029053,0.028545,0.028037,0.027529,0.027021,0.026513,0.026005,0.025497,0.024989,0.024481,0.023965,0.023449,0.022933,0.022418,0.021902,0.021386,0.02087,0.020355,0.019839,0.019323
-0.41811,-0.41382,-0.40953,-0.40524,-0.40095,-0.39666,-0.39237,-0.38808,-0.38379,-0.3795,-0.37521,-0.37079,-0.36637,-0.36196,-0.35754,-0.35312,-0.3487,-0.34429,-0.33987,-0.33545,-0.33103,-0.3266,-0.32218,-0.31775,-0.31332,-0.30889,-0.30446,-0.30004,-0.29561,-0.29118,-0.28675,-0.28237,-0.27798,-0.2736,-0.26922,-0.26483,-0.26045,-0.25607,-0.25169,-0.2473,-0.24292,-0.2383,-0.23368,-0.22905,-0.22443,-0.21981,-0.21519,-0.21057,-0.20595,-0.20133,-0.1967,-0.19189,-0.18708,-0.18226,-0.17745,-0.17264,-0.16783,-0.16301,-0.1582,-0.15339,-0.14857,-0.14394,-0.13931,-0.13468,-0.13004,-0.12541,-0.12078,-0.11614,-0.11151,-0.10688,-0.10225,-0.097909,-0.093571,-0.089234,-0.084897,-0.08056,-0.076222,-0.071885,-0.067548,-0.06321,-0.058873,-0.054281,-0.049689,-0.045097,-0.040505,-0.035913,-0.031321,-0.026729,-0.022137,-0.017545,-0.012953,-0.008296,-0.0036389,0.0010183,0.0056754,0.010333,0.01499,0.019647,0.024304,0.028961,0.033618,0.038517,0.043415,0.048314,0.053212,0.05811,0.063009,0.067907,0.072806,0.077704,0.082603,0.086986,0.091369,0.095752,0.10013,0.10452,0.1089,0.11328,0.11767,0.12205,0.12643,0.13088,0.13534,0.13979,0.14424,0.14869,0.15314,0.15759,0.16204,0.16649,0.17095,0.17492,0.17889,0.18286,0.18683,0.1908,0.19477,0.19874,0.20272,0.20669,0.21066,0.21487,0.21908,0.22329,0.22751,0.23172,0.23593,0.24014,0.24435,0.24856,0.25278,0.25699,0.26121,0.26542,0.26964,0.27385,0.27807,0.28228,0.2865,0.29071,0.29493,0.29922,0.30352,0.30782,0.31212,0.31642,0.32071,0.32501,0.32931,0.33361,0.3379,0.34208,0.34626,0.35044,0.35462,0.3588,0.36297,0.36715,0.37133,0.37551,0.37969,0.38374,0.38779,0.39184,0.39589,0.39994,0.404,0.40805,0.4121,0.41615,0.4202
-0.13646,-0.13646,-0.13646,-0.13646,-0.13646,-0.13646,-0.13646,-0.13646,-0.13646,-0.13646,-0.13646,-0.13646,-0.13646,-0.13646,-0.13646,-0.13646,-0.13646,-0.13646,-0.13646,-0.13646,-0.13646,-0.13646,-0.13646,-0.13646,-0.13646,-0.13646,-0.13646,-0.13646,-0.13646,-0.13646,-0.13646,-0.13646,-0.13646,-0.13646,-0.13646,-0.13646,-0.13646,-0.13646,-0.13646,-0.13646,-0.13646,-0.13646,-0.13646,-0.13646,-0.13646,-0.13646,-0.13646,-0.13646,-0.13646,-0.13646,-0.13646,-0.13646,-0.13646,-0.13646,-0.13646,-0.13646,-0.13646,-0.13646,-0.13646,-0.13646,-0.13646,-0.13646,-0.13646,-0.13646,-0.13646,-0.13646,-0.13646,-0.13646,-0.13646,-0.13646,-0.13646,-0.13646,-0.13646,-0.13646,-0.13646,-0.13646,-0.13646,-0.13646,-0.13646,-0.13646,-0.13646,-0.13646,-0.13646,-0.13646,-0.13646,-0.13646,-0.13646,-0.13646,-0.13646,-0.13646,-0.13646,-0.13646,-0.13646,-0.13646,-0.13646,-0.13646,-0.13646,-0.13646,-0.13646,-0.13646,-0.13646,-0.13646,-0.13646,-0.13646,-0.13646,-0.13646,-0.13646,-0.13646,-0.13646,-0.13646,-0.13646,-0.13646,-0.13646,-0.13646,-0.13646,-0.13646,-0.13646,-0.13646,-0.13646,-0.13646,-0.13646,-0.13646,-0.13646,-0.13646,-0.13646,-0.13646,-0.13646,-0.13646,-0.13646,-0.13646,-0.13646,-0.13646,-0.13646,-0.13646,-0.13646,-0.13646,-0.13646,-0.13646,-0.13646,-0.13646,-0.13646,-0.13646,-0.13646,-0.13646,-0.13646,-0.13646,-0.13646,-0.13646,-0.13646,-0.13646,-0.13646,-0.13646,-0.13646,-0.13646,-0.13646,-0.13646,-0.13646,-0.13646,-0.13646,-0.13646,-0.13646,-0.13646,-0.13646,-0.13646,-0.13646,-0.13646,-0.13646,-0.13646,-0.13646,-0.13646,-0.13646,-0.13646,-0.13646,-0.13646,-0.13646,-0.13646,-0.13646,-0.13646,-0.13646,-0.13646,-0.13646,-0.13646,-0.13646,-0.13646,-0.13646,-0.13646,-0.13646,-0.13646,-0.13646,-0.13646,-0.13646,-0.13646,-0.13646,-0.13646,-0.13646,-0.13646,-0.13646,-0.13646,-0.13646,-0.13646,-0.13646,-0.13646,-0.13646,-0.13646,-0.13646,-0.13646,-0.13646,-0.13646,-0.13646,-0.13646,-0.13646,-0.13659,-0.13672,-0.13685,-0.13698,-0.13711,-0.13724,-0.13736,-0.13749,-0.13762,-0.13775,-0.13788,-0.13801,-0.13813,-0.13826,-0.13839,-0.13852,-0.13865,-0.13878,-0.13891,-0.13903,-0.13917,-0.13931,-0.13944,-0.13958,-0.13972,-0.13985,-0.13999,-0.14013,-0.14026,-0.1404,-0.1404,-0.1404,-0.1404,-0.1404,-0.1404,-0.1404,-0.1404,-0.1404,-0.1404,-0.1404,-0.1404,-0.1404,-0.1404,-0.1404,-0.1404,-0.1404,-0.1404,-0.1404,-0.1404,-0.1404,-0.14086,-0.14131,-0.14177,-0.14223,-0.14268,-0.14314,-0.1436,-0.14405,-0.14451,-0.14497,-0.14469,-0.14442,-0.14415,-0.14387,-0.1436,-0.14333,-0.14305,-0.14278,-0.14251,-0.14224,-0.14205,-0.14187,-0.14168,-0.1415,-0.14132,-0.14113,-0.14095,-0.14077,-0.14058,-0.1404,-0.1404,-0.1404,-0.1404,-0.1404,-0.1404,-0.1404,-0.1404,-0.1404,-0.1404,-0.1404,-0.14003,-0.13966,-0.13929,-0.13892,-0.13855,-0.13818,-0.13781,-0.13744,-0.13707,-0.1367,-0.13633,-0.13596,-0.13559,-0.13522,-0.13485,-0.13448,-0.13411,-0.13374,-0.13337,-0.133,-0.133,-0.133,-0.133,-0.133,-0.133,-0.133,-0.133,-0.133,-0.133,-0.133,-0.133,-0.133,-0.133,-0.133,-0.133,-0.133,-0.133,-0.133,-0.133,-0.133,-0.133,-0.133,-0.133,-0.133,-0.133,-0.133,-0.133,-0.133,-0.133,-0.133,-0.133,-0.133,-0.133,-0.133,-0.133,-0.133,-0.133,-0.133,-0.133,-0.133,-0.13351,-0.13402,-0.13452,-0.13503,-0.13553,-0.13604,-0.13655,-0.13705,-0.13756,-0.13806,-0.13756,-0.13705,-0.13655,-0.13604,-0.13553,-0.13503,-0.13452,-0.13402,-0.13351,-0.133,-0.133,-0.133,-0.133,-0.133,-0.133,-0.133,-0.133,-0.133,-0.133,-0.133,-0.133,-0.133,-0.133,-0.133,-0.133,-0.133,-0.133,-0.133,-0.133,-0.133,-0.133,-0.133,-0.133,-0.133,-0.133,-0.133,-0.133,-0.133,-0.133,-0.133,-0.133,-0.133,-0.133,-0.133,-0.133,-0.133,-0.133,-0.133,-0.133,-0.133,-0.133,-0.133,-0.133,-0.133,-0.133,-0.133,-0.133,-0.133,-0.133,-0.133,-0.133,-0.133,-0.133,-0.133,-0.133,-0.133,-0.133,-0.133,-0.133,-0.133,-0.133,-0.133,-0.133,-0.133,-0.133,-0.133,-0.133,-0.133,-0.133,-0.133,-0.133,-0.133,-0.133,-0.133,-0.133,-0.133,-0.133,-0.133,-0.133,-0.133,-0.133,-0.133,-0.133,-0.133,-0.133,-0.133,-0.133,-0.133,-0.133,-0.133,-0.133,-0.133,-0.133,-0.133,-0.133,-0.133,-0.133,-0.133,-0.133,-0.133,-0.1335,-0.134,-0.1345,-0.135,-0.13549,-0.13599,-0.13649,-0.13699,-0.13749,-0.13798,-0.13749,-0.13699,-0.13649,-0.13599,-0.13549,-0.135,-0.1345,-0.134,-0.1335,-0.133,-0.133,-0.133,-0.133,-0.133,-0.133,-0.133,-0.133,-0.133,-0.133,-0.133,-0.133,-0.133,-0.133,-0.133,-0.133,-0.133,-0.133,-0.133,-0.133,-0.133,-0.133,-0.133,-0.133,-0.133,-0.133,-0.133,-0.133,-0.133,-0.133,-0.133,-0.133,-0.133,-0.133,-0.133,-0.133,-0.133,-0.133,-0.133,-0.133,-0.133,-0.133,-0.133,-0.133,-0.133,-0.133,-0.133,-0.133,-0.133,-0.133,-0.133,-0.133,-0.133,-0.133,-0.133,-0.133,-0.133,-0.133,-0.133,-0.133,-0.133,-0.133,-0.133,-0.133,-0.133,-0.133,-0.133,-0.133,-0.133,-0.133,-0.133,-0.133,-0.133,-0.133,-0.133,-0.133,-0.133,-0.133,-0.133,-0.133,-0.133,-0.133,-0.133,-0.133,-0.133,-0.133,-0.133,-0.133,-0.133,-0.133,-0.133,-0.133,-0.133,-0.133,-0.133,-0.133,-0.133,-0.133,-0.133,-0.133,-0.133,-0.133,-0.133,-0.133,-0.133,-0.133,-0.133,-0.133,-0.133,-0.133,-0.133,-0.133,-0.133,-0.133,-0.133,-0.133,-0.133,-0.133,-0.133,-0.133,-0.133,-0.133,-0.133,-0.133,-0.133,-0.133,-0.133,-0.133,-0.133,-0.133,-0.133,-0.13349,-0.13397,-0.13445,-0.13493,-0.13542,-0.1359,-0.13638,-0.13686,-0.13735,-0.13783,-0.13844,-0.13905,-0.13966,-0.14027,-0.14089,-0.1415,-0.14211,-0.14272,-0.14333,-0.14394,-0.14485,-0.14575,-0.14665,-0.14755,-0.14846,-0.14936,-0.15026,-0.15116,-0.15207,-0.15297
0.42141,0.42141,0.42141,0.42141,0.42141,0.42141,0.42141,0.42141,0.42141,0.42141,0.42141,0.42141,0.42141,0.42141,0.42141,0.42141,0.42141,0.42141,0.42141,0.42141,0.42141,0.42141,0.42141,0.42141,0.42141,0.42141,0.42141,0.42141,0.42141,0.42141,0.42141,0.42141,0.42141,0.42141,0.42141,0.42141,0.42141,0.42141,0.42141,0.42141,0.42141,0.42141,0.42141,0.42141,0.42141,0.42141,0.42141,0.42141,0.42141,0.42141,0.42141,0.42141,0.42141,0.42141,0.42141,0.42141,0.42141,0.42141,0.42141,0.42141,0.42141,0.42141,0.42141,0.42141,0.42141,0.42141,0.42141,0.42141,0.42141,0.42141,0.42141,0.42141,0.42141,0.42141,0.42141,0.42141,0.42141,0.42141,0.42141,0.42141,0.42141,0.42141,0.42141,0.42141,0.42141,0.42141,0.42141,0.42141,0.42141,0.42141,0.42141,0.42141,0.42141,0.42141,0.42141,0.42141,0.42141,0.42141,0.42141,0.42141,0.42141,0.42141,0.42141,0.42141,0.42141,0.42141,0.42141,0.42141,0.42141,0.42141,0.42141,0.42141,0.42141,0.42141,0.42141,0.42141,0.42141,0.42141,0.42141,0.42141,0.42141,0.42141,0.42141,0.42141,0.42141,0.42141,0.42141,0.42141,0.42141,0.42141,0.42141,0.42141,0.42141,0.42141,0.42141,0.42141,0.42141,0.42141,0.42141,0.42141,0.42141,0.42141,0.42141,0.42141,0.42141,0.42141,0.42141,0.42141,0.42141,0.42141,0.42141,0.42141,0.42141,0.42141,0.42141,0.42141,0.42141,0.42141,0.42141,0.42141,0.42141,0.42141,0.42141,0.42141,0.42141,0.42141,0.42141,0.42141,0.42141,0.42141,0.42141,0.42141,0.42141,0.42141,0.42141,0.42141,0.42141,0.42141,0.42141,0.42141,0.42141,0.42141,0.42141,0.42141,0.42141,0.42141,0.42141,0.42141,0.42141,0.42141,0.42141,0.42141,0.42141,0.42141,0.42141,0.42141,0.42141,0.42141,0.42141,0.42141,0.42141,0.42141,0.42141,0.42141,0.42141,0.42141,0.42141,0.42141,0.42141,0.42141,0.42141,0.42143,0.42145,0.42148,0.4215,0.42152,0.42154,0.42157,0.42159,0.42161,0.42164,0.42166,0.42168,0.4217,0.42173,0.42175,0.42177,0.4218,0.42182,0.42184,0.42186,0.42175,0.42164,0.42153,0.42142,0.42131,0.4212,0.42109,0.42097,0.42086,0.42075,0.42075,0.42075,0.42075,0.42075,0.42075,0.42075,0.42075,0.42075,0.42075,0.42075,0.42075,0.42075,0.42075,0.42075,0.42075,0.42075,0.42075,0.42075,0.42075,0.42075,0.41961,0.41848,0.41734,0.4162,0.41506,0.41393,0.41279,0.41165,0.41051,0.40937,0.4096,0.40982,0.41004,0.41027,0.41049,0.41071,0.41093,0.41116,0.41138,0.4116,0.41252,0.41343,0.41435,0.41526,0.41618,0.41709,0.41801,0.41892,0.41984,0.42075,0.42075,0.42075,0.42075,0.42075,0.42075,0.42075,0.42075,0.42075,0.42075,0.42075,0.42042,0.42008,0.41974,0.41941,0.41907,0.41874,0.4184,0.41806,0.41773,0.41739,0.41706,0.41672,0.41639,0.41605,0.41571,0.41538,0.41504,0.41471,0.41437,0.41404,0.41404,0.41404,0.41404,0.41404,0.41404,0.41404,0.41404,0.41404,0.41404,0.41404,0.41404,0.41404,0.41404,0.41404,0.41404,0.41404,0.41404,0.41404,0.41404,0.41404,0.41404,0.41404,0.41404,0.41404,0.41404,0.41404,0.41404,0.41404,0.41404,0.41404,0.41404,0.41404,0.41404,0.41404,0.41404,0.41404,0.41404,0.41404,0.41404,0.41404,0.41426,0.41449,0.41471,0.41493,0.41516,0.41538,0.41561,0.41583,0.41606,0.41628,0.41606,0.41583,0.41561,0.41538,0.41516,0.41493,0.41471,0.41449,0.41426,0.41404,0.41404,0.41404,0.41404,0.41404,0.41404,0.41404,0.41404,0.41404,0.41404,0.41404,0.41404,0.41404,0.41404,0.41404,0.41404,0.41404,0.41404,0.41404,0.41404,0.41404,0.41404,0.41404,0.41404,0.41404,0.41404,0.41404,0.41404,0.41404,0.41404,0.41404,0.41404,0.41404,0.41404,0.41404,0.41404,0.41404,0.41404,0.41404,0.41404,0.41404,0.41404,0.41404,0.41404,0.41404,0.41404,0.41404,0.41404,0.41404,0.41404,0.41404,0.41404,0.41404,0.41404,0.41404,0.41404,0.41404,0.41404,0.41404,0.41404,0.41404,0.41404,0.41404,0.41404,0.41404,0.41404,0.41404,0.41404,0.41404,0.41404,0.41404,0.41404,0.41404,0.41404,0.41404,0.41404,0.41404,0.41404,0.41404,0.41404,0.41404,0.41404,0.41404,0.41404,0.41404,0.41404,0.41404,0.41404,0.41404,0.41404,0.41404,0.41404,0.41404,0.41404,0.41404,0.41404,0.41404,0.41404,0.41404,0.41404,0.41404,0.41439,0.41475,0.41511,0.41547,0.41583,0.41619,0.41654,0.4169,0.41726,0.41762,0.41726,0.4169,0.41654,0.41619,0.41583,0.41547,0.41511,0.41475,0.41439,0.41404,0.41404,0.41404,0.41404,0.41404,0.41404,0.41404,0.41404,0.41404,0.41404,0.41404,0.41404,0.41404,0.41404,0.41404,0.41404,0.41404,0.41404,0.41404,0.41404,0.41404,0.41404,0.41404,0.41404,0.41404,0.41404,0.41404,0.41404,0.41404,0.41404,0.41404,0.41404,0.41404,0.41404,0.41404,0.41404,0.41404,0.41404,0.41404,0.41404,0.41404,0.41404,0.41404,0.41404,0.41404,0.41404,0.41404,0.41404,0.41404,0.41404,0.41404,0.41404,0.41404,0.41404,0.41404,0.41404,0.41404,0.41404,0.41404,0.41404,0.41404,0.41404,0.41404,0.41404,0.41404,0.41404,0.41404,0.41404,0.41404,0.41404,0.41404,0.41404,0.41404,0.41404,0.41404,0.41404,0.41404,0.41404,0.41404,0.41404,0.41404,0.41404,0.41404,0.41404,0.41404,0.41404,0.41404,0.41404,0.41404,0.41404,0.41404,0.41404,0.41404,0.41404,0.41404,0.41404,0.41404,0.41404,0.41404,0.41404,0.41404,0.41404,0.41404,0.41404,0.41404,0.41404,0.41404,0.41404,0.41404,0.41404,0.41404,0.41404,0.41404,0.41404,0.41404,0.41404,0.41404,0.41404,0.41404,0.41404,0.41404,0.41404,0.41404,0.41404,0.41404,0.41404,0.41404,0.41404,0.41404,0.41404,0.41404,0.41466,0.41529,0.41591,0.41654,0.41717,0.41779,0.41842,0.41904,0.41967,0.4203,0.42095,0.4216,0.42225,0.4229,0.42355,0.4242,0.42485,0.4255,0.42615,0.42679,0.42696,0.42712,0.42728,0.42744,0.4276,0.42776,0.42792,0.42808,0.42824,0.4284
0.088485,0.087995,0.087505,0.087015,0.086525,0.086036,0.085546,0.085056,0.084566,0.084076,0.083586,0.082027,0.080467,0.078908,0.077349,0.075789,0.07423,0.072671,0.071111,0.069552,0.067992,0.068393,0.068794,0.069194,0.069595,0.069995,0.070396,0.070797,0.071197,0.071598,0.071998,0.071279,0.070559,0.06984,0.069121,0.068401,0.067682,0.066962,0.066243,0.065523,0.064804,0.064448,0.064092,0.063736,0.06338,0.063024,0.062668,0.062313,0.061957,0.061601,0.061245,0.061261,0.061276,0.061292,0.061308,0.061323,0.061339,0.061355,0.06137,0.061386,0.061402,0.061425,0.061447,0.06147,0.061493,0.061516,0.061539,0.061562,0.061585,0.061607,0.06163,0.062366,0.063101,0.063837,0.064572,0.065308,0.066043,0.066779,0.067514,0.068249,0.068985,0.068894,0.068802,0.068711,0.068619,0.068528,0.068437,0.068345,0.068254,0.068162,0.068071,0.067081,0.066092,0.065102,0.064112,0.063123,0.062133,0.061144,0.060154,0.059164,0.058175,0.059031,0.059888,0.060744,0.061601,0.062457,0.063314,0.06417,0.065027,0.065883,0.066739,0.066627,0.066514,0.066401,0.066289,0.066176,0.066063,0.065951,0.065838,0.065725,0.065613,0.065607,0.065601,0.065595,0.065589,0.065583,0.065577,0.065571,0.065565,0.065559,0.065552,0.065177,0.064801,0.064425,0.064049,0.063673,0.063297,0.062921,0.062545,0.062169,0.061793,0.062135,0.062478,0.06282,0.063163,0.063506,0.063848,0.064191,0.064533,0.064876,0.065218,0.065567,0.065916,0.066265,0.066614,0.066964,0.067313,0.067662,0.068011,0.06836,0.068709
-0.37207,-0.36767,-0.36327,-0.35887,-0.35446,-0.35006,-0.34566,-0.34126,-0.33686,-0.33246,-0.32806,-0.32318,-0.3183,-0.31342,-0.30854,-0.30366,-0.29878,-0.2939,-0.28902,-0.28414,-0.27927,-0.27413,-0.26899,-0.26385,-0.25872,-0.25358,-0.24844,-0.24331,-0.23817,-0.23303,-0.2279,-0.2232,-0.2185,-0.21381,-0.20911,-0.20441,-0.19972,-0.19502,-0.19032,-0.18563,-0.18093,-0.17626,-0.17159,-0.16692,-0.16226,-0.15759,-0.15292,-0.14825,-0.14358,-0.13892,-0.13425,-0.12948,-0.12472,-0.11996,-0.11519,-0.11043,-0.10567,-0.1009,-0.09614,-0.091377,-0.086614,-0.081723,-0.076833,-0.071942,-0.067052,-0.062161,-0.057271,-0.052381,-0.04749,-0.0426,-0.037709,-0.033172,-0.028635,-0.024097,-0.01956,-0.015023,-0.010486,-0.0059482,-0.0014109,0.0031264,0.0076636,0.012686,0.017708,0.02273,0.027753,0.032775,0.037797,0.042819,0.047842,0.052864,0.057886,0.062102,0.066319,0.070535,0.074751,0.078967,0.083183,0.0874,0.091616,0.095832,0.10005,0.10454,0.10904,0.11354,0.11803,0.12253,0.12702,0.13152,0.13601,0.14051,0.14501,0.14963,0.15425,0.15887,0.1635,0.16812,0.17274,0.17736,0.18198,0.18661,0.19123,0.19557,0.19991,0.20425,0.20859,0.21293,0.21727,0.22161,0.22595,0.23029,0.23463,0.2389,0.24316,0.24743,0.2517,0.25596,0.26023,0.26449,0.26876,0.27302,0.27729,0.2813,0.28532,0.28933,0.29335,0.29737,0.30138,0.3054,0.30941,0.31343,0.31745,0.32158,0.32572,0.32986,0.334,0.33814,0.34228,0.34642,0.35055,0.35469,0.35883
0.1159,0.11596,0.11603,0.11609,0.11615,0.11621,0.11628,0.11634,0.1164,0.11646,0.11653,0.11646,0.1164,0.11634,0.11627,0.11621,0.11614,0.11608,0.11602,0.11595,0.11589,0.11559,0.11528,0.11498,0.11468,0.11438,0.11408,0.11377,0.11347,0.11317,0.11287,0.11292,0.11298,0.11304,0.11309,0.11315,0.1132,0.11326,0.11331,0.11337,0.11342,0.11358,0.11374,0.11391,0.11407,0.11423,0.11439,0.11455,0.11471,0.11487,0.11503,0.11497,0.1149,0.11484,0.11478,0.11471,0.11465,0.11458,0.11452,0.11446,0.11439,0.11457,0.11476,0.11494,0.11512,0.1153,0.11548,0.11566,0.11584,0.11603,0.11621,0.11613,0.11605,0.11597,0.1159,0.11582,0.11574,0.11566,0.11559,0.11551,0.11543,0.11512,0.1148,0.11448,0.11417,0.11385,0.11354,0.11322,0.11291,0.11259,0.11228,0.11243,0.11258,0.11274,0.11289,0.11304,0.1132,0.11335,0.1135,0.11366,0.11381,0.11397,0.11413,0.11429,0.11445,0.11461,0.11477,0.11493,0.11509,0.11525,0.11541
0.047922,0.051315,0.054707,0.0581,0.061493,0.064886,0.068279,0.071672,0.075064,0.078457,0.08185,0.085127,0.088403,0.09168,0.094956,0.098233,0.10151,0.10479,0.10806,0.11134,0.11462,0.11792,0.12123,0.12454,0.12785,0.13116,0.13447,0.13778,0.14109,0.1444,0.14771,0.15096,0.15422,0.15748,0.16074,0.16399,0.16725,0.17051,0.17377,0.17703,0.18028,0.18326,0.18624,0.18922,0.1922,0.19518,0.19815,0.20113,0.20411,0.20709,0.21007,0.21334,0.21661,0.21988,0.22315,0.22642,0.22969,0.23297,0.23624,0.23951,0.24278,0.24614,0.2495,0.25286,0.25622,0.25958,0.26294,0.2663,0.26966,0.27302,0.27638,0.27939,0.2824,0.28541,0.28842,0.29143,0.29444,0.29745,0.30046,0.30347,0.30648,0.30952,0.31257,0.31562,0.31867,0.32172,0.32477,0.32782,0.33087,0.33391,0.33696,0.3398,0.34264,0.34548,0.34831,0.35115,0.35399,0.35683,0.35966,0.3625,0.36534,0.3683,0.37127,0.37423,0.37719,0.38016,0.38312,0.38609,0.38905,0.39201,0.39498
0.11,0.11032,0.11065,0.11097,0.11129,0.11162,0.11194,0.11227,0.11259,0.11291,0.11324,0.11321,0.11318,0.11315,0.11312,0.11309,0.11306,0.11303,0.11301,0.11298,0.11295,0.11257,0.11219,0.1118,0.11142,0.11104,0.11066,0.11028,0.1099,0.10952,0.10914,0.10947,0.10981,0.11015,0.11049,0.11082,0.11116,0.1115,0.11184,0.11217,0.11251,0.11166,0.11081,0.10995,0.1091,0.10825,0.10739,0.10654,0.10569,0.10483,0.10398,0.10385,0.10373,0.1036,0.10347,0.10334,0.10322,0.10309,0.10296,0.10283,0.10271,0.10221,0.10172,0.10122,0.10073,0.10024,0.099741,0.099247,0.098752,0.098258,0.097763,0.097325,0.096887,0.096449,0.096011,0.095573,0.095134,0.094696,0.094258,0.09382,0.093382,0.093876,0.09437,0.094865,0.095359,0.095854,0.096348,0.096842,0.097337,0.097831,0.098325,0.097329,0.096333,0.095336,0.09434,0.093344,0.092347,0.091351,0.090355,0.089358,0.088362,0.08832,0.088277,0.088235,0.088193,0.088151,0.088108,0.088066,0.088024,0.087982,0.087939,0.088272,0.088604,0.088937,0.089269,0.089601,0.089934,0.090266,0.090599,0.090931,0.091264,0.091108,0.090953,0.090798,0.090642,0.090487,0.090332,0.090176,0.090021,0.089866,0.08971,0.08988,0.09005,0.090219,0.090389,0.090559,0.090728,0.090898,0.091067,0.091237,0.091407,0.091223,0.09104,0.090856,0.090673,0.090489,0.090306,0.090122,0.089939,0.089755,0.089572,0.089134,0.088696,0.088258,0.08782,0.087382,0.086944,0.086506,0.086068,0.08563,0.085192,0.085023,0.084854,0.084684,0.084515,0.084346,0.084176,0.084007,0.083837,0.083668,0.083499,0.083301,0.083103,0.082905,0.082708,0.08251,0.082312,0.082114,0.081917,0.081719,0.081521,0.080721,0.079922,0.079122,0.078322,0.077522,0.076722,0.075923,0.075123,0.074323,0.073523,0.074507,0.075492,0.076476,0.07746,0.078444,0.079429,0.080413,0.081397,0.082381,0.083365,0.083111,0.082857,0.082603,0.082348,0.082094,0.08184,0.081586,0.081331,0.081077,0.080823,0.080491,0.080159,0.079827,0.079494,0.079162,0.07883,0.078498,0.078166,0.077834,0.077502,0.078153,0.078803,0.079454,0.080104,0.080755,0.081406,0.082056,0.082707,0.083358,0.084008
-0.39843,-0.39462,-0.39081,-0.387,-0.3832,-0.37939,-0.37558,-0.37177,-0.36797,-0.36416,-0.36035,-0.35639,-0.35244,-0.34848,-0.34452,-0.34057,-0.33661,-0.33265,-0.3287,-0.32474,-0.32078,-0.31667,-0.31256,-0.30845,-0.30434,-0.30022,-0.29611,-0.292,-0.28789,-0.28378,-0.27966,-0.27561,-0.27155,-0.2675,-0.26344,-0.25938,-0.25533,-0.25127,-0.24722,-0.24316,-0.2391,-0.23482,-0.23054,-0.22625,-0.22197,-0.21769,-0.2134,-0.20912,-0.20483,-0.20055,-0.19627,-0.19191,-0.18755,-0.1832,-0.17884,-0.17449,-0.17013,-0.16578,-0.16142,-0.15707,-0.15271,-0.14845,-0.14419,-0.13993,-0.13567,-0.13141,-0.12716,-0.1229,-0.11864,-0.11438,-0.11012,-0.10705,-0.10397,-0.1009,-0.097831,-0.094758,-0.091686,-0.088614,-0.085542,-0.08247,-0.079398,-0.074717,-0.070037,-0.065356,-0.060676,-0.055995,-0.051315,-0.046634,-0.041954,-0.037273,-0.032593,-0.028665,-0.024738,-0.02081,-0.016882,-0.012955,-0.009027,-0.0050994,-0.0011718,0.0027559,0.0066835,0.01037,0.014057,0.017743,0.02143,0.025116,0.028803,0.03249,0.036176,0.039863,0.043549,0.047448,0.051346,0.055245,0.059143,0.063041,0.06694,0.070838,0.074737,0.078635,0.082533,0.08636,0.090187,0.094014,0.097841,0.10167,0.1055,0.10932,0.11315,0.11698,0.1208,0.12393,0.12705,0.13018,0.1333,0.13643,0.13955,0.14267,0.1458,0.14892,0.15205,0.15535,0.15866,0.16196,0.16526,0.16857,0.17187,0.17517,0.17848,0.18178,0.18509,0.18817,0.19125,0.19433,0.19741,0.20049,0.20357,0.20665,0.20973,0.21281,0.21589,0.21945,0.22302,0.22658,0.23015,0.23371,0.23728,0.24084,0.24441,0.24797,0.25154,0.25458,0.25763,0.26067,0.26372,0.26676,0.26981,0.27285,0.2759,0.27894,0.28199,0.28513,0.28828,0.29142,0.29457,0.29771,0.30086,0.304,0.30715,0.31029,0.31344,0.31589,0.31835,0.3208,0.32326,0.32571,0.32816,0.33062,0.33307,0.33553,0.33798,0.33999,0.34199,0.344,0.346,0.34801,0.35002,0.35202,0.35403,0.35604,0.35804,0.36085,0.36366,0.36646,0.36927,0.37207,0.37488,0.37769,0.38049,0.3833,0.3861,0.38912,0.39215,0.39517,0.39819,0.40121,0.40423,0.40725,0.41027,0.41329,0.41631
